ID,Type,First name,Last name,Email address,Address,Zipcode,Mobile number
b44e3e32-8be5-406c-86ab-3a2af01a1457,Fabricator,Fred,Garner,Fred_Garner1077@sveldo.biz,"Glenwood Pass, 153",377-24-3731,0-645-873-4601
f8d15b4b-1c40-4a67-8cc7-fad93f58f921,Banker,David,Glynn,David_Glynn5435@bungar.biz,"Bekesbourne   Road, 4332",108-87-6624,0-546-541-0617
0fcb1eaf-f423-4682-befd-4b236594de47,Production Painter,Jack,Collins,Jack_Collins5466@jiman.org,"Beechen  Pass, 7844",647-78-0864,6-210-854-5035
11960832-547f-4b03-933a-2b34e7897ec7,Physician,Barry,Ellwood,Barry_Ellwood1206@liret.org,"Cavendish Way, 2656",352-84-6475,6-443-488-6157
d1fa4f08-613c-4742-b046-72bb72568fd4,Paramedic,Analise,Rainford,Analise_Rainford1041@zorer.org,"Vincent  Boulevard, 3434",665-34-1181,4-206-027-0481
740eb607-e375-4ca5-a9b8-decaa0294fa6,Ambulatory Nurse,Henry,Chapman,Henry_Chapman8140@twace.org,"Victoria Rise Route, 1332",753-13-8081,8-378-453-6378
e4beacf1-f9ec-4789-ae43-719c04bb715c,Bellman,Jacob,Murray,Jacob_Murray994@hourpy.biz,"Bel   Rue, 6982",435-77-2878,2-127-854-3574
801b7181-7bb8-4166-98c9-5830067fa353,Business Broker,Mayleen,Noon,Mayleen_Noon4476@typill.biz,"Woodland Tunnel, 867",054-32-5460,1-165-716-5417
fbe8e267-be6d-4d69-9186-5c403253e1ec,Machine Operator,Mackenzie,Flanders,Mackenzie_Flanders1736@tonsy.org,"Arbutus   Rue, 213",304-66-7558,5-207-245-7824
6c15b547-b8ab-4706-93f1-e946c405a66b,Operator,Chadwick,Oliver,Chadwick_Oliver4645@jiman.org,"Durnford  Route, 484",102-76-6060,7-041-577-6037
a3fabf08-7e93-4cbc-aadc-bd09b14f6be6,Baker,Katelyn,Campbell,Katelyn_Campbell1108@twace.org,"Vine  Rue, 7658",133-24-6501,0-537-702-0614
9e442ed7-ccaa-4289-ab94-8df4b53c2bb3,Machine Operator,Monica,Alcroft,Monica_Alcroft5700@nanoff.biz,"Rail Pass, 1337",652-38-7352,5-817-487-4851
9ddd023d-8082-45fc-9629-16b0abe65a30,Pharmacist,Tyson,Talbot,Tyson_Talbot1064@bungar.biz,"St. Pauls  Vale, 4542",638-77-3438,8-856-702-3813
9afa22ba-7ee8-4f0a-b71f-865c65f37897,Business Broker,Ethan,Victor,Ethan_Victor5549@acrit.org,"Glenwood Vale, 9110",302-21-4283,8-134-505-4023
e74c7a94-0feb-4abd-b5f7-c94beeb29d50,Insurance Broker,Louise,Smith,Louise_Smith8087@ubusive.com,"Carnegie   Vale, 7191",246-33-5753,5-263-880-8540
96f71ed6-474e-494c-8b00-669cf5738c50,HR Specialist,Mark,Rixon,Mark_Rixon7836@zorer.org,"Blomfield  Alley, 337",378-11-0430,0-818-148-5678
440cde59-6271-4b1c-8c01-7f9d96870910,Service Supervisor,Ron,Nurton,Ron_Nurton652@famism.biz,"Ashley Tunnel, 2518",558-65-8735,1-745-855-8677
535be6aa-ebc3-49b2-9780-6275de95f16a,Laboratory Technician,Valerie,Stewart,Valerie_Stewart1361@naiker.biz,"Dyott   Vale, 8846",017-11-4403,2-154-048-3580
7a427d75-b7db-4144-8632-de1ff8c56990,Designer,Janice,Drew,Janice_Drew3989@deavo.com,"Camelot   Route, 2282",573-64-4802,4-315-446-1005
4374632e-6f5e-4e82-8677-25bae9781093,Assistant Buyer,Valerie,Parker,Valerie_Parker477@joiniaa.com,"Ensign   Crossroad, 4154",740-16-7368,0-548-005-8867
9e2a1123-3ceb-4e2f-a114-f89513537f5d,Doctor,Julius,Ashley,Julius_Ashley6996@joiniaa.com,"Ben   Way, 7789",505-15-4028,7-508-184-0750
802d2505-7593-4e19-9fd3-f9bcc5a68c93,Steward,Chris,Nicholls,Chris_Nicholls41@deavo.com,"Elba  Pass, 6948",337-78-3803,2-502-810-7606
2e17236c-f645-4b81-b411-ce8e6cdaecaa,Lecturer,Maya,Holt,Maya_Holt5366@deavo.com,"Castile  Way, 3853",188-25-5362,8-704-650-0713
63aafe9c-58ed-4174-8f61-3c31cca75955,Web Developer,Carolyn,Fox,Carolyn_Fox507@naiker.biz,"Woodland Crossroad, 5777",227-35-2366,5-362-571-6488
8d3d38a9-f285-495f-9ea7-530d8cc84619,Physician,Josh,Fulton,Josh_Fulton2624@jiman.org,"Blackpool  Drive, 3411",276-51-8686,7-313-226-5751
5d8621e6-4f06-4488-8719-803794158420,Baker,Carmen,Widdows,Carmen_Widdows8715@twipet.com,"Bicknell  Route, 4220",032-43-4651,1-502-854-7815
324f886c-1034-4d0b-84b0-b4aa18db4462,Biologist,Peter,Watt,Peter_Watt7749@extex.org,"Bigland  Avenue, 7980",681-35-5406,8-740-458-1136
77163f23-6859-4706-99b4-0e52797a3fda,Dentist,Penny,Uttridge,Penny_Uttridge7307@bauros.biz,"Bocking   Crossroad, 9808",635-27-3246,5-313-083-1507
d37b571b-399b-4024-bf77-cbde1d0e21ae,Software Engineer,Ema,Gaynor,Ema_Gaynor8505@ubusive.com,"Blendon    Hill, 5606",571-51-0512,2-134-340-4083
759836d9-a823-4457-bd25-3a26ddc2f7d2,Clerk,Bridget,Isaac,Bridget_Isaac693@vetan.org,"Blanchard  Avenue, 1820",346-67-1715,2-022-838-3723
3b5511f6-4050-43b0-828b-9d7c3a405086,Front Desk Coordinator,Rebecca,Lane,Rebecca_Lane1730@ubusive.com,"Howard Rue, 8365",448-18-7636,5-257-778-0856
078f72bb-cba4-4958-845d-9dd67735affc,Executive Director,Abdul,Yates,Abdul_Yates1458@bauros.biz,"Canon Boulevard, 670",450-13-0601,2-065-518-6543
42231504-770b-4a4e-b4e0-0002f9218804,Laboratory Technician,Denny,Lindop,Denny_Lindop9074@kideod.biz,"Bacton   Pass, 2375",817-33-2014,4-707-765-0705
c717eb9a-346b-41d6-85c4-8bcfecfabd61,Chef Manager,Laila,Andersson,Laila_Andersson9352@twipet.com,"Chalcot  Street, 6995",272-07-2012,2-307-206-2826
92b22cd3-7c7c-4d0f-8fcf-3a410f59940e,Treasurer,Benjamin,Fowler,Benjamin_Fowler1664@corti.com,"St. Johs  Road, 3366",407-74-2540,8-554-755-4811
c093da23-e1d1-4ccf-8d03-9f5ede6e5b1d,Software Engineer,Noemi,Kirby,Noemi_Kirby5302@infotech44.tech,"Colombo   Tunnel, 4888",736-07-7152,2-831-106-0180
5f33c961-9c4a-4672-84b4-6440c055b0fb,Assistant Buyer,Meredith,Jones,Meredith_Jones8519@corti.com,"Chandos  Rue, 7523",347-30-1574,6-030-251-7632
d0ef1764-5a1c-4c3f-b1ab-938081bb2e58,Chef Manager,Joseph,Edmonds,Joseph_Edmonds2201@ubusive.com,"Carpenter Crossroad, 3427",220-47-7718,1-837-548-5048
12fe4c1a-85c8-4cea-b6ec-c95e901e8ab9,Pharmacist,Kurt,Mcgregor,Kurt_Mcgregor3801@supunk.biz,"Cingworth  Walk, 3365",160-64-2388,2-370-743-8472
df6d332e-b4c4-4bb9-9d7e-f484b28ad48f,Production Painter,Megan,Aldridge,Megan_Aldridge9439@tonsy.org,"Elizabeth  Avenue, 6506",038-07-7386,2-318-671-0122
58f40f4a-6e71-4050-9d5c-c7c76cba8073,Staffing Consultant,Manuel,Johnson,Manuel_Johnson5313@qater.org,"Hickory   Grove, 4086",730-72-7737,1-014-113-1483
25910e91-23da-4940-9322-2444434de608,Loan Officer,Zoe,Widdows,Zoe_Widdows2821@brety.org,"Geary   Hill, 8105",401-84-7832,5-706-181-1325
9c4633c6-7acc-45cc-8513-9a92a259f3f5,Chef Manager,Erin,Newman,Erin_Newman831@zorer.org,"Gatonby   Boulevard, 1107",551-15-3171,0-320-770-2760
81dd2a82-5867-4b0e-9ba7-7a7ec62c8a8f,Restaurant Manager,Carmen,Keys,Carmen_Keys9293@famism.biz,"Bishop   Rue, 5361",858-52-6057,1-773-038-3654
b3ad81b4-da5a-446e-901d-802654a9e287,Bookkeeper,Rhea,Lyon,Rhea_Lyon2829@acrit.org,"Camelot   Tunnel, 8708",242-42-2335,7-173-458-1318
06924d78-cad1-42ff-b372-eee58b26680a,Cook,Bryon,Ogilvy,Bryon_Ogilvy1532@ovock.tech,"St. Jamess  Hill, 8635",372-66-5543,0-705-783-6123
e3b5529a-b637-40d3-bf8a-92be21bb9259,Dentist,Tom,Blackburn,Tom_Blackburn3517@irrepsy.com,"Balfour    Street, 8430",330-74-2880,5-804-733-8763
18a240fd-46cb-4e38-992c-2833166e84f6,Audiologist,Enoch,Kidd,Enoch_Kidd1311@deavo.com,"Burton  Lane, 9811",327-35-8561,1-484-643-3515
ea138105-36de-4000-bc50-f8d388d7c315,Chef Manager,Esmeralda,Benson,Esmeralda_Benson7807@naiker.biz,"Chester      Way, 2911",668-88-5305,8-766-661-3462
28e5ff87-a8c1-4293-b18d-a5700755ea4e,Machine Operator,Alison,Latham,Alison_Latham3798@dionrab.com,"Wake  Rue, 7885",570-03-4340,5-012-763-7168
32143a6c-a500-452b-806b-fe3a027c7b75,Front Desk Coordinator,Mackenzie,Morris,Mackenzie_Morris3249@guentu.biz,"Boleyn  Pass, 9107",575-62-8076,2-136-385-1082
1e0498aa-13ed-4f61-928b-956bd20803bf,Budget Analyst,Paula,Vinton,Paula_Vinton6847@extex.org,"Cleaver Hill, 9249",645-55-3743,8-764-184-5183
1e267ecb-2089-4c4c-a9b8-d1e1261df6bc,Retail Trainee,Morgan,Watson,Morgan_Watson4177@nanoff.biz,"Catherine  Drive, 3584",026-47-8756,0-811-600-5138
dc4c776a-92a6-43f4-b72a-dbf0b68fd898,Dentist,Bree,Hamilton,Bree_Hamilton2447@elnee.tech,"Enford   Rue, 5114",143-70-3611,6-107-808-1246
4b8d798d-d260-44a0-926a-f350ea9b0b69,Treasurer,Ramon,Edley,Ramon_Edley662@mafthy.com,"Canal  Grove, 3452",233-11-4553,1-237-341-7817
feae7638-d8e7-49e3-8b17-a703db9ab3e3,Project Manager,Tony,Jacobs,Tony_Jacobs9956@womeona.net,"Baynes  Avenue, 7063",644-27-8278,6-342-712-2134
929ede03-4afa-43c3-94e5-91f96907521e,Associate Professor,Tess,Lucas,Tess_Lucas6498@extex.org,"Addison  Boulevard, 3911",151-08-5571,0-323-717-2018
47e8142b-7a40-4184-9e65-9e9a0c5079f7,Machine Operator,Lorraine,Robe,Lorraine_Robe74@liret.org,"Lake Walk, 6797",577-83-7123,3-154-008-1034
1cf2b844-66ce-4fb8-9953-0da16444d405,Baker,Tom,Benson,Tom_Benson3371@iatim.tech,"Western   Street, 1165",061-71-5152,8-804-758-3252
91b449de-16e7-4574-8d4f-0dba790e1449,Treasurer,Carl,Niles,Carl_Niles2658@nimogy.biz,"Birkbeck  Lane, 7702",574-81-3606,2-482-713-4342
f76de585-7478-409f-ad7f-dec174a522cf,Banker,Johnny,Baldwin,Johnny_Baldwin9066@deons.tech,"Ashley Hill, 769",433-27-6141,3-488-581-3688
bc5290a7-ecab-4b30-803a-0e44cbfbfac8,Systems Administrator,Harmony,Phillips,Harmony_Phillips6268@brety.org,"Victoria  Avenue, 7236",800-18-1806,4-108-200-3122
c8b3978f-000f-40b6-bf84-1d827ea50780,Mobile Developer,Alma,Pratt,Alma_Pratt6259@joiniaa.com,"Ashley Vale, 7240",510-67-1347,8-401-627-8741
c2c39a97-88ba-4de4-bc25-df6260d9d2e0,Cash Manager,Willow,Gray,Willow_Gray1446@tonsy.org,"Norland  Rue, 7272",453-62-0203,0-164-417-2371
c0399118-71b5-4f37-853a-baf001c7e0ee,Assistant Buyer,Miriam,Squire,Miriam_Squire9646@famism.biz,"Cato   Hill, 6818",456-66-3303,7-586-462-4173
fcc9f413-cb37-4a1d-a4cf-13ab8321e540,Loan Officer,Erick,James,Erick_James4967@tonsy.org,"Cheney  Drive, 1457",626-63-7440,7-177-742-1718
07e68560-2ce0-479f-89a8-1ac2119ceaeb,IT Support Staff,Daniel,Walsh,Daniel_Walsh1679@twace.org,"Victorian  Walk, 816",145-37-5571,2-617-425-4602
869a2399-fdb5-4712-994c-24d470e7ec4c,Healthcare Specialist,Nathan,Fleming,Nathan_Fleming139@nanoff.biz,"Arthur  Route, 2162",522-63-7254,8-183-043-6185
0791060e-3591-4ff9-8f76-9fa3bfbec632,Call Center Representative,Alma,Donnelly,Alma_Donnelly5582@nimogy.biz,"Ensign   Vale, 9423",363-15-5044,4-500-077-2028
e010155b-e1b0-4272-bf9b-467f50b0c34f,Healthcare Specialist,Gabriel,Dyson,Gabriel_Dyson7481@acrit.org,"Aberavon  Crossroad, 7127",168-15-0277,6-338-162-5755
5809b7d0-e163-474e-a360-82d17dc9c37e,Cashier,Carla,Atkinson,Carla_Atkinson2373@bauros.biz,"Sherlock   Rue, 422",426-16-3667,3-850-437-4203
f13b1cc3-0cbe-4462-b418-78f372bfc4c5,Restaurant Manager,Scarlett,Mcgregor,Scarlett_Mcgregor2631@dionrab.com,"Bempton   Road, 2557",878-47-3362,1-785-635-0572
6ed36593-7b18-4346-bb4d-acc06156a930,Insurance Broker,Caleb,Shelton,Caleb_Shelton3447@dionrab.com,"Zealand Pass, 2988",865-64-8500,1-180-202-3331
885491d2-6019-4dc5-b3fd-3055e5db60a3,Associate Professor,Nick,Mackenzie,Nick_Mackenzie7034@elnee.tech,"Elystan  Route, 9479",160-54-2411,0-675-836-3644
5b531c57-2e1d-4117-9b8d-30c7b7b04782,Auditor,Cynthia,Addis,Cynthia_Addis5600@cispeto.com,"Marina  Street, 6285",007-10-7403,5-850-225-3120
4aef39e5-51a7-428f-8ef4-67c7a91438aa,Design Engineer,Johnathan,Davies,Johnathan_Davies8773@gembat.biz,"Burton  Alley, 1846",085-24-1085,4-185-004-8553
2b507157-358f-4921-8645-21ab4ae69bd5,Fabricator,Mark,Bradshaw,Mark_Bradshaw1711@gmail.com,"Longman   Route, 1509",375-37-2632,5-126-760-1525
481705a6-432e-42c5-aa6e-c2efec673afb,Inspector,Willow,Gosling,Willow_Gosling6645@infotech44.tech,"Magnolia Rue, 1465",013-67-2554,7-631-504-1425
7dbe1cca-1393-4d84-9986-7a3cb243ade2,Project Manager,Hailey,Mcgregor,Hailey_Mcgregor7625@yahoo.com,"Fairview Tunnel, 9464",683-01-2364,7-504-575-1834
7532708e-866d-45c1-93cd-caaaeacfba06,Staffing Consultant,Nick,Fleming,Nick_Fleming795@naiker.biz,"Cedarne  Route, 675",867-35-7733,8-367-556-4748
b4663bdf-ef38-4164-9eda-9392511aee32,Clerk,David,Grant,David_Grant7317@zorer.org,"Chartham  Grove, 7516",831-05-5066,7-782-788-7277
187d120e-61d0-4ab1-8332-3eea575a92a1,Lecturer,Doug,Bryant,Doug_Bryant3879@bretoux.com,"Cheltenham  Rue, 8587",565-45-3416,1-048-786-0461
06038cca-3c45-4968-85a1-dba08a6ef5a0,HR Coordinator,Tiffany,Chappell,Tiffany_Chappell5949@typill.biz,"Charnwood   Grove, 6215",522-38-0014,5-337-107-2070
587de469-a193-4fa9-9e9c-c0060c24996d,Cashier,Morgan,Cowan,Morgan_Cowan5454@qater.org,"Sheraton   Vale, 1749",770-04-0870,0-674-572-6165
2654d0b2-fc0c-4deb-ac1b-3c07f2d1064d,Healthcare Specialist,Enoch,Saunders,Enoch_Saunders4488@brety.org,"East Avenue, 6292",802-80-5733,2-010-280-1368
74ae9954-ee89-433c-ace4-5a9b0d80ff8a,Service Supervisor,Phillip,Watson,Phillip_Watson5614@mafthy.com,"Dyott   Road, 4357",576-31-1848,3-087-285-4507
250450aa-422e-4b1e-8fe9-950f1b1e6561,Cash Manager,Daron,Baker,Daron_Baker5584@ubusive.com,"Dutton   Route, 2331",340-78-6336,7-005-286-8346
c08a12b2-c870-4fba-8941-76316e7117c1,Steward,Matt,Andersson,Matt_Andersson2291@bulaffy.com,"Virgil   Avenue, 1569",771-52-4881,8-542-668-7802
40420b6f-95c7-4ffd-9050-5ff690e17f29,Clerk,Marina,Ogilvy,Marina_Ogilvy6722@typill.biz,"Tilloch   Grove, 4890",503-81-8873,3-606-748-2132
49ecfa94-abc9-491d-b880-112a5ce1adfd,Audiologist,Ellen,Hamilton,Ellen_Hamilton2150@eirey.tech,"Balfe   Lane, 6798",831-44-4715,0-761-352-2163
4e4e728f-bbab-4da2-a27b-20c7f82966b9,Audiologist,Caydence,Shea,Caydence_Shea1501@ovock.tech,"Elizabeth  Alley, 727",685-01-4844,1-367-504-4303
817498ff-9c22-461a-a435-d689961dd7f3,Loan Officer,William,Radley,William_Radley5514@nanoff.biz,"Lake Pass, 2590",342-60-7116,8-756-782-6675
f1f578c8-961c-418a-97bf-8855e3365481,Biologist,Caleb,Steer,Caleb_Steer7126@fuliss.net,"Tiptree   Lane, 981",400-12-0608,6-773-741-6310
9f93182e-d519-49f6-8d33-12f7eef464d2,Paramedic,Chad,Cork,Chad_Cork1229@hourpy.biz,"Berry  Road, 2121",000-20-1774,3-622-600-6070
b28c50da-c00a-4cb2-b1bb-8add8f84c2d4,Food Technologist,Mason,Newman,Mason_Newman8519@qater.org,"Carolina  Way, 3257",042-57-8565,2-552-283-6013
d79be46a-f95e-48b5-b8f1-371e6a44f4a0,Front Desk Coordinator,Beatrice,Jarrett,Beatrice_Jarrett9929@bretoux.com,"Canon Grove, 4350",315-24-4845,3-642-172-3566
2fbec514-70e6-43f2-9ee1-829383aef982,Business Broker,Manuel,Simmons,Manuel_Simmons1892@muall.tech,"Chesterfield  Rue, 3428",648-12-1003,7-788-054-8318
256253de-403e-4a76-b4d7-7f722837457e,Lecturer,Boris,Brennan,Boris_Brennan6898@twace.org,"East Route, 1733",086-21-8762,0-861-078-7302
8cfe7090-b3ac-443a-82bd-10954ba46856,Associate Professor,Darlene,Gordon,Darlene_Gordon7318@vetan.org,"King Walk, 7238",417-67-2806,6-177-521-2448
d5574d10-bbe5-4a04-ad0b-8b4c1d23f915,HR Coordinator,Fred,Cattell,Fred_Cattell1252@twipet.com,"South Way, 2666",448-08-7800,3-788-157-4050
